<?xml version="1.0" encoding="UTF-8"?>
<beans xmlns="http://www.springframework.org/schema/beans"
    xmlns:xsi="http://www.w3.org/2001/XMLSchema-instance" xmlns:p="http://www.springframework.org/schema/p"
    xmlns:context="http://www.springframework.org/schema/context"
    xmlns:mvc="http://www.springframework.org/schema/mvc"
    xsi:schemaLocation="http://www.springframework.org/schema/beans
        http://www.springframework.org/schema/beans/spring-beans-3.2.xsd
        http://www.springframework.org/schema/context
        http://www.springframework.org/schema/context/spring-context-3.2.xsd
        http://www.springframework.org/schema/mvc
        http://www.springframework.org/schema/mvc/spring-mvc-3.2.xsd">
        
        <context:annotation-config></context:annotation-config>
        <context:component-scan base-package="com.demo"></context:component-scan>
        <mvc:annotation-driven></mvc:annotation-driven>
        
        <bean id="placeHolderConfig" class="org.springframework.beans.factory.config.PropertyPlaceholderConfigurer">
	     	<property name="location" value="data.properties"></property>
		</bean>
		
        <bean id="ds" class="org.springframework.jdbc.datasource.DriverManagerDataSource">
	     	<property name="driverClassName" value="${jdbc.driverclass}"></property>
	     	<property name="url" value="${jdbc.url}"></property>
	     	<property name="username" value="${jdbc.uname}"></property>
	     	<property name="password" value="${jdbc.pass}"></property>
		</bean>
		
		<bean id="jdbcTemplate" class="org.springframework.jdbc.core.JdbcTemplate">
	    	<property name="dataSource" ref="ds"></property>
		</bean>
		
        <bean id="viewResolver" class="org.springframework.web.servlet.view.InternalResourceViewResolver">
        	<property name="prefix" value="/WEB-INF/Views/" />
        	<property name="suffix" value=".jsp" />
    	</bean>
</beans>
